
-- Tabele w 3NF
CREATE TABLE IF NOT EXISTS adresy (
    adres_id INTEGER PRIMARY KEY AUTOINCREMENT,
    ulica TEXT,
    numer TEXT,
    kod TEXT,
    miasto TEXT
);

CREATE TABLE IF NOT EXISTS klienci (
    klient_id INTEGER PRIMARY KEY AUTOINCREMENT,
    dane_osobowe TEXT,
    adres_id INTEGER,
    FOREIGN KEY (adres_id) REFERENCES adresy(adres_id)
);

CREATE TABLE IF NOT EXISTS zakupy (
    klient_id INTEGER,
    produkt TEXT,
    FOREIGN KEY (klient_id) REFERENCES klienci(klient_id)
);

INSERT INTO adresy (adres_id, ulica, numer, kod, miasto) VALUES (1, 'ul.', 'Parkowa', 'Tychy', '');
INSERT INTO klienci (klient_id, dane_osobowe, adres_id) VALUES (1, 'Andrzej Wiśniewski', 1);
INSERT INTO zakupy (klient_id, produkt) VALUES (1, 'Telefon');
INSERT INTO adresy (adres_id, ulica, numer, kod, miasto) VALUES (2, 'ul.', 'Długa', '', '');
INSERT INTO klienci (klient_id, dane_osobowe, adres_id) VALUES (2, 'Michał Szymański', 2);
INSERT INTO zakupy (klient_id, produkt) VALUES (2, 'Klawiatura');
INSERT INTO adresy (adres_id, ulica, numer, kod, miasto) VALUES (3, 'ul. Lipowa', '44', 'Lublin', '');
INSERT INTO klienci (klient_id, dane_osobowe, adres_id) VALUES (3, 'Monika Grabowska', 3);
INSERT INTO zakupy (klient_id, produkt) VALUES (3, 'Monitor');
INSERT INTO zakupy (klient_id, produkt) VALUES (3, 'Kamera internetowa');
INSERT INTO zakupy (klient_id, produkt) VALUES (3, 'Mysz');
INSERT INTO zakupy (klient_id, produkt) VALUES (3, 'Router');
INSERT INTO adresy (adres_id, ulica, numer, kod, miasto) VALUES (4, 'ul. Orla', '50', '30-400', 'Warszawa');
INSERT INTO klienci (klient_id, dane_osobowe, adres_id) VALUES (4, 'Paweł Nowak', 4);
INSERT INTO zakupy (klient_id, produkt) VALUES (4, 'Laptop');
INSERT INTO zakupy (klient_id, produkt) VALUES (4, 'Słuchawki');
INSERT INTO zakupy (klient_id, produkt) VALUES (4, 'Router');
INSERT INTO zakupy (klient_id, produkt) VALUES (4, 'Drukarka');
INSERT INTO adresy (adres_id, ulica, numer, kod, miasto) VALUES (5, 'ul. Różana', '23', 'Kraków', '');
INSERT INTO klienci (klient_id, dane_osobowe, adres_id) VALUES (5, 'Michał Wieczorek', 5);
INSERT INTO zakupy (klient_id, produkt) VALUES (5, 'Mysz');
INSERT INTO zakupy (klient_id, produkt) VALUES (5, 'Telefon');
INSERT INTO adresy (adres_id, ulica, numer, kod, miasto) VALUES (6, 'ul.', 'Słoneczna', '80-001', '');
INSERT INTO klienci (klient_id, dane_osobowe, adres_id) VALUES (6, 'Andrzej Kubiak', 6);
INSERT INTO zakupy (klient_id, produkt) VALUES (6, 'Tablet');
INSERT INTO zakupy (klient_id, produkt) VALUES (6, 'Drukarka');
INSERT INTO adresy (adres_id, ulica, numer, kod, miasto) VALUES (7, 'ul.', 'Lipowa', 'Kraków', '');
INSERT INTO klienci (klient_id, dane_osobowe, adres_id) VALUES (7, 'Rafał Nowak', 7);
INSERT INTO zakupy (klient_id, produkt) VALUES (7, 'Monitor');
INSERT INTO zakupy (klient_id, produkt) VALUES (7, 'Laptop');
INSERT INTO zakupy (klient_id, produkt) VALUES (7, 'Mysz');
INSERT INTO zakupy (klient_id, produkt) VALUES (7, 'Tablet');
INSERT INTO adresy (adres_id, ulica, numer, kod, miasto) VALUES (8, 'ul.', 'Długa', '', '');
INSERT INTO klienci (klient_id, dane_osobowe, adres_id) VALUES (8, 'Monika Kubiak', 8);
INSERT INTO zakupy (klient_id, produkt) VALUES (8, 'Mysz');
INSERT INTO zakupy (klient_id, produkt) VALUES (8, 'Telefon');
INSERT INTO adresy (adres_id, ulica, numer, kod, miasto) VALUES (9, 'ul.', 'Mickiewicza', '', '');
INSERT INTO klienci (klient_id, dane_osobowe, adres_id) VALUES (9, 'Agnieszka Wójcik', 9);
INSERT INTO zakupy (klient_id, produkt) VALUES (9, 'Mysz');
INSERT INTO adresy (adres_id, ulica, numer, kod, miasto) VALUES (10, 'ul.', 'Szkolna', '43-100', 'Szczecin');
INSERT INTO klienci (klient_id, dane_osobowe, adres_id) VALUES (10, 'Tomasz Zając', 10);
INSERT INTO zakupy (klient_id, produkt) VALUES (10, 'Klawiatura');
INSERT INTO adresy (adres_id, ulica, numer, kod, miasto) VALUES (11, 'ul.', 'Mickiewicza', '70-100', '');
INSERT INTO klienci (klient_id, dane_osobowe, adres_id) VALUES (11, 'Paweł Pawlak', 11);
INSERT INTO zakupy (klient_id, produkt) VALUES (11, 'Drukarka');
INSERT INTO zakupy (klient_id, produkt) VALUES (11, 'Monitor');
INSERT INTO zakupy (klient_id, produkt) VALUES (11, 'Kamera internetowa');
INSERT INTO adresy (adres_id, ulica, numer, kod, miasto) VALUES (12, 'ul.', 'Szkolna', '70-100', 'Kraków');
INSERT INTO klienci (klient_id, dane_osobowe, adres_id) VALUES (12, 'Ewa Wieczorek', 12);
INSERT INTO zakupy (klient_id, produkt) VALUES (12, 'Drukarka');
INSERT INTO zakupy (klient_id, produkt) VALUES (12, 'Słuchawki');
INSERT INTO zakupy (klient_id, produkt) VALUES (12, 'Laptop');
INSERT INTO adresy (adres_id, ulica, numer, kod, miasto) VALUES (13, 'ul.', 'Lipowa', 'Szczecin', '');
INSERT INTO klienci (klient_id, dane_osobowe, adres_id) VALUES (13, 'Rafał Zając', 13);
INSERT INTO zakupy (klient_id, produkt) VALUES (13, 'Telefon');
INSERT INTO adresy (adres_id, ulica, numer, kod, miasto) VALUES (14, 'ul.', 'Szkolna', 'Szczecin', '');
INSERT INTO klienci (klient_id, dane_osobowe, adres_id) VALUES (14, 'Piotr Wieczorek', 14);
INSERT INTO zakupy (klient_id, produkt) VALUES (14, 'Słuchawki');
INSERT INTO zakupy (klient_id, produkt) VALUES (14, 'Laptop');
INSERT INTO adresy (adres_id, ulica, numer, kod, miasto) VALUES (15, 'ul. Spacerowa', '28', '', '');
INSERT INTO klienci (klient_id, dane_osobowe, adres_id) VALUES (15, 'Piotr Wójcik', 15);
INSERT INTO zakupy (klient_id, produkt) VALUES (15, 'Mysz');
INSERT INTO zakupy (klient_id, produkt) VALUES (15, 'Drukarka');
INSERT INTO zakupy (klient_id, produkt) VALUES (15, 'Laptop');
INSERT INTO zakupy (klient_id, produkt) VALUES (15, 'Słuchawki');
INSERT INTO adresy (adres_id, ulica, numer, kod, miasto) VALUES (16, 'ul.', 'Spacerowa', '', '');
INSERT INTO klienci (klient_id, dane_osobowe, adres_id) VALUES (16, 'Ewa Nowak', 16);
INSERT INTO zakupy (klient_id, produkt) VALUES (16, 'Router');
INSERT INTO zakupy (klient_id, produkt) VALUES (16, 'Drukarka');
INSERT INTO adresy (adres_id, ulica, numer, kod, miasto) VALUES (17, 'ul. Parkowa', '20', '', '');
INSERT INTO klienci (klient_id, dane_osobowe, adres_id) VALUES (17, 'Andrzej Kowalski', 17);
INSERT INTO zakupy (klient_id, produkt) VALUES (17, 'Słuchawki');
INSERT INTO zakupy (klient_id, produkt) VALUES (17, 'Klawiatura');
INSERT INTO zakupy (klient_id, produkt) VALUES (17, 'Drukarka');
INSERT INTO adresy (adres_id, ulica, numer, kod, miasto) VALUES (18, 'ul.', 'Orla', '90-001', 'Szczecin');
INSERT INTO klienci (klient_id, dane_osobowe, adres_id) VALUES (18, 'Natalia Kubiak', 18);
INSERT INTO zakupy (klient_id, produkt) VALUES (18, 'Telefon');
INSERT INTO zakupy (klient_id, produkt) VALUES (18, 'Laptop');
INSERT INTO zakupy (klient_id, produkt) VALUES (18, 'Mysz');
INSERT INTO adresy (adres_id, ulica, numer, kod, miasto) VALUES (19, 'ul.', 'Lipowa', '00-001', 'Poznań');
INSERT INTO klienci (klient_id, dane_osobowe, adres_id) VALUES (19, 'Karolina Grabowska', 19);
INSERT INTO zakupy (klient_id, produkt) VALUES (19, 'Laptop');
INSERT INTO klienci (klient_id, dane_osobowe, adres_id) VALUES (20, 'Monika Baran', 2);
INSERT INTO zakupy (klient_id, produkt) VALUES (20, 'Kamera internetowa');
INSERT INTO zakupy (klient_id, produkt) VALUES (20, 'Słuchawki');
INSERT INTO zakupy (klient_id, produkt) VALUES (20, 'Klawiatura');
INSERT INTO zakupy (klient_id, produkt) VALUES (20, 'Drukarka');
INSERT INTO adresy (adres_id, ulica, numer, kod, miasto) VALUES (20, 'ul. Lipowa', '6', 'Rzeszów', '');
INSERT INTO klienci (klient_id, dane_osobowe, adres_id) VALUES (21, 'Agnieszka Szymański', 20);
INSERT INTO zakupy (klient_id, produkt) VALUES (21, 'Router');
INSERT INTO zakupy (klient_id, produkt) VALUES (21, 'Kamera internetowa');
INSERT INTO zakupy (klient_id, produkt) VALUES (21, 'Mysz');
INSERT INTO adresy (adres_id, ulica, numer, kod, miasto) VALUES (21, 'ul.', 'Lipowa', '60-100', '');
INSERT INTO klienci (klient_id, dane_osobowe, adres_id) VALUES (22, 'Ewa Kowalski', 21);
INSERT INTO zakupy (klient_id, produkt) VALUES (22, 'Monitor');
INSERT INTO klienci (klient_id, dane_osobowe, adres_id) VALUES (23, 'Karolina Zając', 2);
INSERT INTO zakupy (klient_id, produkt) VALUES (23, 'Kamera internetowa');
INSERT INTO adresy (adres_id, ulica, numer, kod, miasto) VALUES (22, 'ul.', 'Różana', '60-100', 'Gdańsk');
INSERT INTO klienci (klient_id, dane_osobowe, adres_id) VALUES (24, 'Monika Maj', 22);
INSERT INTO zakupy (klient_id, produkt) VALUES (24, 'Klawiatura');
INSERT INTO zakupy (klient_id, produkt) VALUES (24, 'Kamera internetowa');
INSERT INTO zakupy (klient_id, produkt) VALUES (24, 'Laptop');
INSERT INTO adresy (adres_id, ulica, numer, kod, miasto) VALUES (23, 'ul. Lipowa', '49', '20-001', '');
INSERT INTO klienci (klient_id, dane_osobowe, adres_id) VALUES (25, 'Marek Baran', 23);
INSERT INTO zakupy (klient_id, produkt) VALUES (25, 'Router');
INSERT INTO zakupy (klient_id, produkt) VALUES (25, 'Telefon');
INSERT INTO zakupy (klient_id, produkt) VALUES (25, 'Tablet');
INSERT INTO adresy (adres_id, ulica, numer, kod, miasto) VALUES (24, 'ul.', 'Różana', '', '');
INSERT INTO klienci (klient_id, dane_osobowe, adres_id) VALUES (26, 'Agnieszka Wójcik', 24);
INSERT INTO zakupy (klient_id, produkt) VALUES (26, 'Słuchawki');
INSERT INTO adresy (adres_id, ulica, numer, kod, miasto) VALUES (25, 'ul.', 'Spacerowa', 'Kraków', '');
INSERT INTO klienci (klient_id, dane_osobowe, adres_id) VALUES (27, 'Paweł Malinowski', 25);
INSERT INTO zakupy (klient_id, produkt) VALUES (27, 'Klawiatura');
INSERT INTO zakupy (klient_id, produkt) VALUES (27, 'Telefon');
INSERT INTO zakupy (klient_id, produkt) VALUES (27, 'Monitor');
INSERT INTO zakupy (klient_id, produkt) VALUES (27, 'Laptop');
INSERT INTO klienci (klient_id, dane_osobowe, adres_id) VALUES (28, 'Jan Czerwińska', 16);
INSERT INTO zakupy (klient_id, produkt) VALUES (28, 'Mysz');
INSERT INTO adresy (adres_id, ulica, numer, kod, miasto) VALUES (26, 'ul.', 'Orla', '', '');
INSERT INTO klienci (klient_id, dane_osobowe, adres_id) VALUES (29, 'Tomasz Lis', 26);
INSERT INTO zakupy (klient_id, produkt) VALUES (29, 'Laptop');
INSERT INTO zakupy (klient_id, produkt) VALUES (29, 'Telefon');
INSERT INTO zakupy (klient_id, produkt) VALUES (29, 'Drukarka');
INSERT INTO adresy (adres_id, ulica, numer, kod, miasto) VALUES (27, 'ul.', 'Polna', '', '');
INSERT INTO klienci (klient_id, dane_osobowe, adres_id) VALUES (30, 'Katarzyna Walczak', 27);
INSERT INTO zakupy (klient_id, produkt) VALUES (30, 'Router');
INSERT INTO zakupy (klient_id, produkt) VALUES (30, 'Klawiatura');
INSERT INTO adresy (adres_id, ulica, numer, kod, miasto) VALUES (28, 'ul.', 'Mickiewicza', '80-001', '');
INSERT INTO klienci (klient_id, dane_osobowe, adres_id) VALUES (31, 'Marek Lis', 28);
INSERT INTO zakupy (klient_id, produkt) VALUES (31, 'Mysz');
INSERT INTO zakupy (klient_id, produkt) VALUES (31, 'Klawiatura');
INSERT INTO adresy (adres_id, ulica, numer, kod, miasto) VALUES (29, 'ul.', 'Parkowa', '', '');
INSERT INTO klienci (klient_id, dane_osobowe, adres_id) VALUES (32, 'Ewa Król', 29);
INSERT INTO zakupy (klient_id, produkt) VALUES (32, 'Tablet');
INSERT INTO zakupy (klient_id, produkt) VALUES (32, 'Laptop');
INSERT INTO zakupy (klient_id, produkt) VALUES (32, 'Klawiatura');
INSERT INTO adresy (adres_id, ulica, numer, kod, miasto) VALUES (30, 'ul. Spacerowa', '2', 'Warszawa', '');
INSERT INTO klienci (klient_id, dane_osobowe, adres_id) VALUES (33, 'Kamil Malinowski', 30);
INSERT INTO zakupy (klient_id, produkt) VALUES (33, 'Monitor');
INSERT INTO zakupy (klient_id, produkt) VALUES (33, 'Telefon');
INSERT INTO zakupy (klient_id, produkt) VALUES (33, 'Drukarka');
INSERT INTO adresy (adres_id, ulica, numer, kod, miasto) VALUES (31, 'ul. Różana', '44', '30-400', '');
INSERT INTO klienci (klient_id, dane_osobowe, adres_id) VALUES (34, 'Natalia Lewandowska', 31);
INSERT INTO zakupy (klient_id, produkt) VALUES (34, 'Słuchawki');
INSERT INTO adresy (adres_id, ulica, numer, kod, miasto) VALUES (32, 'ul.', 'Różana', '', '');
INSERT INTO klienci (klient_id, dane_osobowe, adres_id) VALUES (35, 'Adam Lewandowska', 32);
INSERT INTO zakupy (klient_id, produkt) VALUES (35, 'Monitor');
INSERT INTO klienci (klient_id, dane_osobowe, adres_id) VALUES (36, 'Karolina Król', 16);
INSERT INTO zakupy (klient_id, produkt) VALUES (36, 'Drukarka');
INSERT INTO adresy (adres_id, ulica, numer, kod, miasto) VALUES (33, 'ul.', 'Słoneczna', '35-100', '');
INSERT INTO klienci (klient_id, dane_osobowe, adres_id) VALUES (37, 'Adam Malinowski', 33);
INSERT INTO zakupy (klient_id, produkt) VALUES (37, 'Laptop');
INSERT INTO zakupy (klient_id, produkt) VALUES (37, 'Router');
INSERT INTO zakupy (klient_id, produkt) VALUES (37, 'Klawiatura');
INSERT INTO adresy (adres_id, ulica, numer, kod, miasto) VALUES (34, 'ul. Długa', '12', 'Katowice', '');
INSERT INTO klienci (klient_id, dane_osobowe, adres_id) VALUES (38, 'Katarzyna Wiśniewski', 34);
INSERT INTO zakupy (klient_id, produkt) VALUES (38, 'Telefon');
INSERT INTO zakupy (klient_id, produkt) VALUES (38, 'Kamera internetowa');
INSERT INTO zakupy (klient_id, produkt) VALUES (38, 'Słuchawki');
INSERT INTO adresy (adres_id, ulica, numer, kod, miasto) VALUES (35, 'ul.', 'Długa', '80-001', 'Poznań');
INSERT INTO klienci (klient_id, dane_osobowe, adres_id) VALUES (39, 'Rafał Pawlak', 35);
INSERT INTO zakupy (klient_id, produkt) VALUES (39, 'Monitor');
INSERT INTO zakupy (klient_id, produkt) VALUES (39, 'Drukarka');
INSERT INTO zakupy (klient_id, produkt) VALUES (39, 'Kamera internetowa');
INSERT INTO adresy (adres_id, ulica, numer, kod, miasto) VALUES (36, 'ul.', 'Orla', '20-001', '');
INSERT INTO klienci (klient_id, dane_osobowe, adres_id) VALUES (40, 'Rafał Wiśniewski', 36);
INSERT INTO zakupy (klient_id, produkt) VALUES (40, 'Kamera internetowa');
INSERT INTO adresy (adres_id, ulica, numer, kod, miasto) VALUES (37, 'ul.', 'Różana', '43-100', '');
INSERT INTO klienci (klient_id, dane_osobowe, adres_id) VALUES (41, 'Jan Kowalski', 37);
INSERT INTO zakupy (klient_id, produkt) VALUES (41, 'Mysz');
INSERT INTO adresy (adres_id, ulica, numer, kod, miasto) VALUES (38, 'ul. Słoneczna', '8', 'Lublin', '');
INSERT INTO klienci (klient_id, dane_osobowe, adres_id) VALUES (42, 'Adam Maj', 38);
INSERT INTO zakupy (klient_id, produkt) VALUES (42, 'Telefon');
INSERT INTO adresy (adres_id, ulica, numer, kod, miasto) VALUES (39, 'ul.', 'Orla', 'Gdańsk', '');
INSERT INTO klienci (klient_id, dane_osobowe, adres_id) VALUES (43, 'Zofia Czerwińska', 39);
INSERT INTO zakupy (klient_id, produkt) VALUES (43, 'Kamera internetowa');
INSERT INTO zakupy (klient_id, produkt) VALUES (43, 'Mysz');
INSERT INTO zakupy (klient_id, produkt) VALUES (43, 'Drukarka');
INSERT INTO adresy (adres_id, ulica, numer, kod, miasto) VALUES (40, 'ul.', 'Szkolna', 'Tychy', '');
INSERT INTO klienci (klient_id, dane_osobowe, adres_id) VALUES (44, 'Tomasz Maj', 40);
INSERT INTO zakupy (klient_id, produkt) VALUES (44, 'Router');
INSERT INTO adresy (adres_id, ulica, numer, kod, miasto) VALUES (41, 'ul.', 'Polna', '', '');
INSERT INTO klienci (klient_id, dane_osobowe, adres_id) VALUES (45, 'Zofia Grabowska', 41);
INSERT INTO zakupy (klient_id, produkt) VALUES (45, 'Klawiatura');
INSERT INTO zakupy (klient_id, produkt) VALUES (45, 'Mysz');
INSERT INTO adresy (adres_id, ulica, numer, kod, miasto) VALUES (42, 'ul.', 'Orla', 'Rzeszów', '');
INSERT INTO klienci (klient_id, dane_osobowe, adres_id) VALUES (46, 'Jan Maj', 42);
INSERT INTO zakupy (klient_id, produkt) VALUES (46, 'Tablet');
INSERT INTO adresy (adres_id, ulica, numer, kod, miasto) VALUES (43, 'ul.', 'Orla', 'Gdańsk', '');
INSERT INTO klienci (klient_id, dane_osobowe, adres_id) VALUES (47, 'Natalia Malinowski', 43);
INSERT INTO zakupy (klient_id, produkt) VALUES (47, 'Telefon');
INSERT INTO zakupy (klient_id, produkt) VALUES (47, 'Laptop');
INSERT INTO adresy (adres_id, ulica, numer, kod, miasto) VALUES (44, 'ul. Słoneczna', '17', '90-001', 'Rzeszów');
INSERT INTO klienci (klient_id, dane_osobowe, adres_id) VALUES (48, 'Piotr Kamińska', 44);
INSERT INTO zakupy (klient_id, produkt) VALUES (48, 'Mysz');
INSERT INTO zakupy (klient_id, produkt) VALUES (48, 'Kamera internetowa');
INSERT INTO zakupy (klient_id, produkt) VALUES (48, 'Router');
INSERT INTO zakupy (klient_id, produkt) VALUES (48, 'Drukarka');
INSERT INTO adresy (adres_id, ulica, numer, kod, miasto) VALUES (45, 'ul.', 'Szkolna', 'Kraków', '');
INSERT INTO klienci (klient_id, dane_osobowe, adres_id) VALUES (49, 'Andrzej Baran', 45);
INSERT INTO zakupy (klient_id, produkt) VALUES (49, 'Drukarka');
INSERT INTO zakupy (klient_id, produkt) VALUES (49, 'Mysz');
INSERT INTO adresy (adres_id, ulica, numer, kod, miasto) VALUES (46, 'ul.', 'Słoneczna', '35-100', 'Warszawa');
INSERT INTO klienci (klient_id, dane_osobowe, adres_id) VALUES (50, 'Andrzej Krawczyk', 46);
INSERT INTO zakupy (klient_id, produkt) VALUES (50, 'Kamera internetowa');
INSERT INTO zakupy (klient_id, produkt) VALUES (50, 'Klawiatura');
INSERT INTO zakupy (klient_id, produkt) VALUES (50, 'Tablet');
INSERT INTO zakupy (klient_id, produkt) VALUES (50, 'Monitor');
INSERT INTO adresy (adres_id, ulica, numer, kod, miasto) VALUES (47, 'ul. Orla', '44', '', '');
INSERT INTO klienci (klient_id, dane_osobowe, adres_id) VALUES (51, 'Zofia Krawczyk', 47);
INSERT INTO zakupy (klient_id, produkt) VALUES (51, 'Monitor');
INSERT INTO zakupy (klient_id, produkt) VALUES (51, 'Słuchawki');
INSERT INTO adresy (adres_id, ulica, numer, kod, miasto) VALUES (48, 'ul. Mickiewicza', '24', 'Warszawa', '');
INSERT INTO klienci (klient_id, dane_osobowe, adres_id) VALUES (52, 'Tomasz Król', 48);
INSERT INTO zakupy (klient_id, produkt) VALUES (52, 'Mysz');
INSERT INTO adresy (adres_id, ulica, numer, kod, miasto) VALUES (49, 'ul. Mickiewicza', '5', '90-001', '');
INSERT INTO klienci (klient_id, dane_osobowe, adres_id) VALUES (53, 'Ewa Grabowska', 49);
INSERT INTO zakupy (klient_id, produkt) VALUES (53, 'Telefon');
INSERT INTO klienci (klient_id, dane_osobowe, adres_id) VALUES (54, 'Anna Czerwińska', 27);
INSERT INTO zakupy (klient_id, produkt) VALUES (54, 'Drukarka');
INSERT INTO zakupy (klient_id, produkt) VALUES (54, 'Słuchawki');
INSERT INTO adresy (adres_id, ulica, numer, kod, miasto) VALUES (50, 'ul.', 'Słoneczna', '90-001', '');
INSERT INTO klienci (klient_id, dane_osobowe, adres_id) VALUES (55, 'Monika Maj', 50);
INSERT INTO zakupy (klient_id, produkt) VALUES (55, 'Mysz');
INSERT INTO zakupy (klient_id, produkt) VALUES (55, 'Tablet');
INSERT INTO zakupy (klient_id, produkt) VALUES (55, 'Drukarka');
INSERT INTO adresy (adres_id, ulica, numer, kod, miasto) VALUES (51, 'ul. Słoneczna', '20', '', '');
INSERT INTO klienci (klient_id, dane_osobowe, adres_id) VALUES (56, 'Andrzej Nowak', 51);
INSERT INTO zakupy (klient_id, produkt) VALUES (56, 'Tablet');
INSERT INTO zakupy (klient_id, produkt) VALUES (56, 'Telefon');
INSERT INTO zakupy (klient_id, produkt) VALUES (56, 'Laptop');
INSERT INTO adresy (adres_id, ulica, numer, kod, miasto) VALUES (52, 'ul.', 'Parkowa', '', '');
INSERT INTO klienci (klient_id, dane_osobowe, adres_id) VALUES (57, 'Natalia Nowak', 52);
INSERT INTO zakupy (klient_id, produkt) VALUES (57, 'Mysz');
INSERT INTO zakupy (klient_id, produkt) VALUES (57, 'Klawiatura');
INSERT INTO zakupy (klient_id, produkt) VALUES (57, 'Router');
INSERT INTO zakupy (klient_id, produkt) VALUES (57, 'Drukarka');
INSERT INTO adresy (adres_id, ulica, numer, kod, miasto) VALUES (53, 'ul.', 'Parkowa', '60-100', '');
INSERT INTO klienci (klient_id, dane_osobowe, adres_id) VALUES (58, 'Karolina Lis', 53);
INSERT INTO zakupy (klient_id, produkt) VALUES (58, 'Drukarka');
INSERT INTO zakupy (klient_id, produkt) VALUES (58, 'Kamera internetowa');
INSERT INTO zakupy (klient_id, produkt) VALUES (58, 'Telefon');
INSERT INTO zakupy (klient_id, produkt) VALUES (58, 'Tablet');
INSERT INTO adresy (adres_id, ulica, numer, kod, miasto) VALUES (54, 'ul.', 'Orla', '90-001', 'Kraków');
INSERT INTO klienci (klient_id, dane_osobowe, adres_id) VALUES (59, 'Michał Nowak', 54);
INSERT INTO zakupy (klient_id, produkt) VALUES (59, 'Laptop');
INSERT INTO zakupy (klient_id, produkt) VALUES (59, 'Drukarka');
INSERT INTO adresy (adres_id, ulica, numer, kod, miasto) VALUES (55, 'ul.', 'Długa', '00-001', '');
INSERT INTO klienci (klient_id, dane_osobowe, adres_id) VALUES (60, 'Marek Szymański', 55);
INSERT INTO zakupy (klient_id, produkt) VALUES (60, 'Klawiatura');
INSERT INTO zakupy (klient_id, produkt) VALUES (60, 'Monitor');
INSERT INTO zakupy (klient_id, produkt) VALUES (60, 'Mysz');
INSERT INTO adresy (adres_id, ulica, numer, kod, miasto) VALUES (56, 'ul.', 'Szkolna', '', '');
INSERT INTO klienci (klient_id, dane_osobowe, adres_id) VALUES (61, 'Piotr Wiśniewski', 56);
INSERT INTO zakupy (klient_id, produkt) VALUES (61, 'Telefon');
INSERT INTO zakupy (klient_id, produkt) VALUES (61, 'Monitor');
INSERT INTO adresy (adres_id, ulica, numer, kod, miasto) VALUES (57, 'ul. Spacerowa', '11', '20-001', '');
INSERT INTO klienci (klient_id, dane_osobowe, adres_id) VALUES (62, 'Natalia Zając', 57);
INSERT INTO zakupy (klient_id, produkt) VALUES (62, 'Słuchawki');
INSERT INTO zakupy (klient_id, produkt) VALUES (62, 'Laptop');
INSERT INTO zakupy (klient_id, produkt) VALUES (62, 'Router');
INSERT INTO adresy (adres_id, ulica, numer, kod, miasto) VALUES (58, 'ul. Lipowa', '9', '', '');
INSERT INTO klienci (klient_id, dane_osobowe, adres_id) VALUES (63, 'Olga Zając', 58);
INSERT INTO zakupy (klient_id, produkt) VALUES (63, 'Drukarka');
INSERT INTO zakupy (klient_id, produkt) VALUES (63, 'Klawiatura');
INSERT INTO zakupy (klient_id, produkt) VALUES (63, 'Telefon');
INSERT INTO zakupy (klient_id, produkt) VALUES (63, 'Monitor');
INSERT INTO adresy (adres_id, ulica, numer, kod, miasto) VALUES (59, 'ul.', 'Szkolna', '', '');
INSERT INTO klienci (klient_id, dane_osobowe, adres_id) VALUES (64, 'Natalia Lewandowska', 59);
INSERT INTO zakupy (klient_id, produkt) VALUES (64, 'Tablet');
INSERT INTO zakupy (klient_id, produkt) VALUES (64, 'Router');
INSERT INTO klienci (klient_id, dane_osobowe, adres_id) VALUES (65, 'Ewa Pawlak', 56);
INSERT INTO zakupy (klient_id, produkt) VALUES (65, 'Tablet');
INSERT INTO klienci (klient_id, dane_osobowe, adres_id) VALUES (66, 'Anna Baran', 41);
INSERT INTO zakupy (klient_id, produkt) VALUES (66, 'Tablet');
INSERT INTO zakupy (klient_id, produkt) VALUES (66, 'Słuchawki');
INSERT INTO zakupy (klient_id, produkt) VALUES (66, 'Mysz');
INSERT INTO zakupy (klient_id, produkt) VALUES (66, 'Telefon');
INSERT INTO adresy (adres_id, ulica, numer, kod, miasto) VALUES (60, 'ul.', 'Spacerowa', '20-001', '');
INSERT INTO klienci (klient_id, dane_osobowe, adres_id) VALUES (67, 'Zofia Nowak', 60);
INSERT INTO zakupy (klient_id, produkt) VALUES (67, 'Mysz');
INSERT INTO zakupy (klient_id, produkt) VALUES (67, 'Drukarka');
INSERT INTO adresy (adres_id, ulica, numer, kod, miasto) VALUES (61, 'ul. Długa', '49', '35-100', '');
INSERT INTO klienci (klient_id, dane_osobowe, adres_id) VALUES (68, 'Piotr Baran', 61);
INSERT INTO zakupy (klient_id, produkt) VALUES (68, 'Klawiatura');
INSERT INTO adresy (adres_id, ulica, numer, kod, miasto) VALUES (62, 'ul.', 'Słoneczna', '', '');
INSERT INTO klienci (klient_id, dane_osobowe, adres_id) VALUES (69, 'Piotr Grabowska', 62);
INSERT INTO zakupy (klient_id, produkt) VALUES (69, 'Tablet');
INSERT INTO zakupy (klient_id, produkt) VALUES (69, 'Drukarka');
INSERT INTO zakupy (klient_id, produkt) VALUES (69, 'Klawiatura');
INSERT INTO adresy (adres_id, ulica, numer, kod, miasto) VALUES (63, 'ul.', 'Parkowa', '00-001', 'Lublin');
INSERT INTO klienci (klient_id, dane_osobowe, adres_id) VALUES (70, 'Karolina Wójcik', 63);
INSERT INTO zakupy (klient_id, produkt) VALUES (70, 'Laptop');
INSERT INTO adresy (adres_id, ulica, numer, kod, miasto) VALUES (64, 'ul.', 'Słoneczna', '40-001', 'Warszawa');
INSERT INTO klienci (klient_id, dane_osobowe, adres_id) VALUES (71, 'Monika Malinowski', 64);
INSERT INTO zakupy (klient_id, produkt) VALUES (71, 'Drukarka');
INSERT INTO zakupy (klient_id, produkt) VALUES (71, 'Mysz');
INSERT INTO adresy (adres_id, ulica, numer, kod, miasto) VALUES (65, 'ul. Długa', '3', '43-100', '');
INSERT INTO klienci (klient_id, dane_osobowe, adres_id) VALUES (72, 'Dorota Malinowski', 65);
INSERT INTO zakupy (klient_id, produkt) VALUES (72, 'Monitor');
INSERT INTO zakupy (klient_id, produkt) VALUES (72, 'Mysz');
INSERT INTO zakupy (klient_id, produkt) VALUES (72, 'Klawiatura');
INSERT INTO zakupy (klient_id, produkt) VALUES (72, 'Słuchawki');
INSERT INTO adresy (adres_id, ulica, numer, kod, miasto) VALUES (66, 'ul.', 'Orla', 'Rzeszów', '');
INSERT INTO klienci (klient_id, dane_osobowe, adres_id) VALUES (73, 'Tomasz Nowak', 66);
INSERT INTO zakupy (klient_id, produkt) VALUES (73, 'Tablet');
INSERT INTO zakupy (klient_id, produkt) VALUES (73, 'Słuchawki');
INSERT INTO zakupy (klient_id, produkt) VALUES (73, 'Monitor');
INSERT INTO zakupy (klient_id, produkt) VALUES (73, 'Mysz');
INSERT INTO adresy (adres_id, ulica, numer, kod, miasto) VALUES (67, 'ul.', 'Orla', '70-100', 'Poznań');
INSERT INTO klienci (klient_id, dane_osobowe, adres_id) VALUES (74, 'Anna Nowak', 67);
INSERT INTO zakupy (klient_id, produkt) VALUES (74, 'Słuchawki');
INSERT INTO adresy (adres_id, ulica, numer, kod, miasto) VALUES (68, 'ul. Mickiewicza', '14', '', '');
INSERT INTO klienci (klient_id, dane_osobowe, adres_id) VALUES (75, 'Tomasz Kamińska', 68);
INSERT INTO zakupy (klient_id, produkt) VALUES (75, 'Klawiatura');
INSERT INTO zakupy (klient_id, produkt) VALUES (75, 'Telefon');
INSERT INTO zakupy (klient_id, produkt) VALUES (75, 'Router');
INSERT INTO zakupy (klient_id, produkt) VALUES (75, 'Tablet');
INSERT INTO adresy (adres_id, ulica, numer, kod, miasto) VALUES (69, 'ul.', 'Słoneczna', 'Tychy', '');
INSERT INTO klienci (klient_id, dane_osobowe, adres_id) VALUES (76, 'Dorota Szymański', 69);
INSERT INTO zakupy (klient_id, produkt) VALUES (76, 'Router');
INSERT INTO zakupy (klient_id, produkt) VALUES (76, 'Telefon');
INSERT INTO zakupy (klient_id, produkt) VALUES (76, 'Laptop');
INSERT INTO adresy (adres_id, ulica, numer, kod, miasto) VALUES (70, 'ul. Lipowa', '2', '43-100', 'Szczecin');
INSERT INTO klienci (klient_id, dane_osobowe, adres_id) VALUES (77, 'Anna Kamińska', 70);
INSERT INTO zakupy (klient_id, produkt) VALUES (77, 'Klawiatura');
INSERT INTO zakupy (klient_id, produkt) VALUES (77, 'Słuchawki');
INSERT INTO zakupy (klient_id, produkt) VALUES (77, 'Kamera internetowa');
INSERT INTO zakupy (klient_id, produkt) VALUES (77, 'Monitor');
INSERT INTO klienci (klient_id, dane_osobowe, adres_id) VALUES (78, 'Adam Wieczorek', 32);
INSERT INTO zakupy (klient_id, produkt) VALUES (78, 'Monitor');
INSERT INTO zakupy (klient_id, produkt) VALUES (78, 'Słuchawki');
INSERT INTO zakupy (klient_id, produkt) VALUES (78, 'Klawiatura');
INSERT INTO zakupy (klient_id, produkt) VALUES (78, 'Laptop');
INSERT INTO klienci (klient_id, dane_osobowe, adres_id) VALUES (79, 'Andrzej Malinowski', 2);
INSERT INTO zakupy (klient_id, produkt) VALUES (79, 'Słuchawki');
INSERT INTO zakupy (klient_id, produkt) VALUES (79, 'Drukarka');
INSERT INTO zakupy (klient_id, produkt) VALUES (79, 'Laptop');
INSERT INTO zakupy (klient_id, produkt) VALUES (79, 'Telefon');
INSERT INTO adresy (adres_id, ulica, numer, kod, miasto) VALUES (71, 'ul.', 'Parkowa', '40-001', '');
INSERT INTO klienci (klient_id, dane_osobowe, adres_id) VALUES (80, 'Natalia Baran', 71);
INSERT INTO zakupy (klient_id, produkt) VALUES (80, 'Monitor');
INSERT INTO adresy (adres_id, ulica, numer, kod, miasto) VALUES (72, 'ul. Lipowa', '20', '', '');
INSERT INTO klienci (klient_id, dane_osobowe, adres_id) VALUES (81, 'Rafał Kamińska', 72);
INSERT INTO zakupy (klient_id, produkt) VALUES (81, 'Telefon');
INSERT INTO zakupy (klient_id, produkt) VALUES (81, 'Słuchawki');
INSERT INTO zakupy (klient_id, produkt) VALUES (81, 'Drukarka');
INSERT INTO zakupy (klient_id, produkt) VALUES (81, 'Mysz');
INSERT INTO adresy (adres_id, ulica, numer, kod, miasto) VALUES (73, 'ul.', 'Polna', '30-400', 'Szczecin');
INSERT INTO klienci (klient_id, dane_osobowe, adres_id) VALUES (82, 'Michał Król', 73);
INSERT INTO zakupy (klient_id, produkt) VALUES (82, 'Laptop');
INSERT INTO zakupy (klient_id, produkt) VALUES (82, 'Telefon');
INSERT INTO adresy (adres_id, ulica, numer, kod, miasto) VALUES (74, 'ul. Polna', '12', 'Szczecin', '');
INSERT INTO klienci (klient_id, dane_osobowe, adres_id) VALUES (83, 'Tomasz Kowalski', 74);
INSERT INTO zakupy (klient_id, produkt) VALUES (83, 'Kamera internetowa');
INSERT INTO zakupy (klient_id, produkt) VALUES (83, 'Mysz');
INSERT INTO zakupy (klient_id, produkt) VALUES (83, 'Klawiatura');
INSERT INTO zakupy (klient_id, produkt) VALUES (83, 'Laptop');
INSERT INTO adresy (adres_id, ulica, numer, kod, miasto) VALUES (75, 'ul. Długa', '22', '30-400', 'Tychy');
INSERT INTO klienci (klient_id, dane_osobowe, adres_id) VALUES (84, 'Andrzej Kubiak', 75);
INSERT INTO zakupy (klient_id, produkt) VALUES (84, 'Drukarka');
INSERT INTO zakupy (klient_id, produkt) VALUES (84, 'Słuchawki');
INSERT INTO klienci (klient_id, dane_osobowe, adres_id) VALUES (85, 'Anna Zając', 45);
INSERT INTO zakupy (klient_id, produkt) VALUES (85, 'Monitor');
INSERT INTO zakupy (klient_id, produkt) VALUES (85, 'Klawiatura');
INSERT INTO zakupy (klient_id, produkt) VALUES (85, 'Router');
INSERT INTO zakupy (klient_id, produkt) VALUES (85, 'Tablet');
INSERT INTO klienci (klient_id, dane_osobowe, adres_id) VALUES (86, 'Tomasz Pawlak', 21);
INSERT INTO zakupy (klient_id, produkt) VALUES (86, 'Router');
INSERT INTO zakupy (klient_id, produkt) VALUES (86, 'Tablet');
INSERT INTO zakupy (klient_id, produkt) VALUES (86, 'Kamera internetowa');
INSERT INTO adresy (adres_id, ulica, numer, kod, miasto) VALUES (76, 'ul.', 'Orla', 'Poznań', '');
INSERT INTO klienci (klient_id, dane_osobowe, adres_id) VALUES (87, 'Andrzej Walczak', 76);
INSERT INTO zakupy (klient_id, produkt) VALUES (87, 'Kamera internetowa');
INSERT INTO zakupy (klient_id, produkt) VALUES (87, 'Monitor');
INSERT INTO zakupy (klient_id, produkt) VALUES (87, 'Drukarka');
INSERT INTO klienci (klient_id, dane_osobowe, adres_id) VALUES (88, 'Piotr Krawczyk', 62);
INSERT INTO zakupy (klient_id, produkt) VALUES (88, 'Laptop');
INSERT INTO adresy (adres_id, ulica, numer, kod, miasto) VALUES (77, 'ul.', 'Mickiewicza', '43-100', 'Rzeszów');
INSERT INTO klienci (klient_id, dane_osobowe, adres_id) VALUES (89, 'Ewa Szymański', 77);
INSERT INTO zakupy (klient_id, produkt) VALUES (89, 'Laptop');
INSERT INTO zakupy (klient_id, produkt) VALUES (89, 'Klawiatura');
INSERT INTO zakupy (klient_id, produkt) VALUES (89, 'Drukarka');
INSERT INTO zakupy (klient_id, produkt) VALUES (89, 'Mysz');
INSERT INTO klienci (klient_id, dane_osobowe, adres_id) VALUES (90, 'Kamil Kamińska', 27);
INSERT INTO zakupy (klient_id, produkt) VALUES (90, 'Kamera internetowa');
INSERT INTO zakupy (klient_id, produkt) VALUES (90, 'Słuchawki');
INSERT INTO zakupy (klient_id, produkt) VALUES (90, 'Monitor');
INSERT INTO klienci (klient_id, dane_osobowe, adres_id) VALUES (91, 'Michał Lis', 62);
INSERT INTO zakupy (klient_id, produkt) VALUES (91, 'Laptop');
INSERT INTO zakupy (klient_id, produkt) VALUES (91, 'Monitor');
INSERT INTO zakupy (klient_id, produkt) VALUES (91, 'Mysz');
INSERT INTO zakupy (klient_id, produkt) VALUES (91, 'Telefon');
INSERT INTO adresy (adres_id, ulica, numer, kod, miasto) VALUES (78, 'ul.', 'Spacerowa', 'Rzeszów', '');
INSERT INTO klienci (klient_id, dane_osobowe, adres_id) VALUES (92, 'Marek Czerwińska', 78);
INSERT INTO zakupy (klient_id, produkt) VALUES (92, 'Kamera internetowa');
INSERT INTO zakupy (klient_id, produkt) VALUES (92, 'Telefon');
INSERT INTO zakupy (klient_id, produkt) VALUES (92, 'Słuchawki');
INSERT INTO zakupy (klient_id, produkt) VALUES (92, 'Monitor');
INSERT INTO adresy (adres_id, ulica, numer, kod, miasto) VALUES (79, 'ul. Mickiewicza', '42', '', '');
INSERT INTO klienci (klient_id, dane_osobowe, adres_id) VALUES (93, 'Jan Lis', 79);
INSERT INTO zakupy (klient_id, produkt) VALUES (93, 'Kamera internetowa');
INSERT INTO zakupy (klient_id, produkt) VALUES (93, 'Drukarka');
INSERT INTO zakupy (klient_id, produkt) VALUES (93, 'Monitor');
INSERT INTO zakupy (klient_id, produkt) VALUES (93, 'Laptop');
INSERT INTO adresy (adres_id, ulica, numer, kod, miasto) VALUES (80, 'ul.', 'Spacerowa', '35-100', 'Poznań');
INSERT INTO klienci (klient_id, dane_osobowe, adres_id) VALUES (94, 'Katarzyna Szymański', 80);
INSERT INTO zakupy (klient_id, produkt) VALUES (94, 'Monitor');
INSERT INTO adresy (adres_id, ulica, numer, kod, miasto) VALUES (81, 'ul.', 'Lipowa', '20-001', '');
INSERT INTO klienci (klient_id, dane_osobowe, adres_id) VALUES (95, 'Rafał Baran', 81);
INSERT INTO zakupy (klient_id, produkt) VALUES (95, 'Laptop');
INSERT INTO klienci (klient_id, dane_osobowe, adres_id) VALUES (96, 'Rafał Grabowska', 32);
INSERT INTO zakupy (klient_id, produkt) VALUES (96, 'Drukarka');
INSERT INTO zakupy (klient_id, produkt) VALUES (96, 'Mysz');
INSERT INTO zakupy (klient_id, produkt) VALUES (96, 'Klawiatura');
INSERT INTO adresy (adres_id, ulica, numer, kod, miasto) VALUES (82, 'ul.', 'Spacerowa', '', '');
INSERT INTO klienci (klient_id, dane_osobowe, adres_id) VALUES (97, 'Adam Maj', 82);
INSERT INTO zakupy (klient_id, produkt) VALUES (97, 'Mysz');
INSERT INTO zakupy (klient_id, produkt) VALUES (97, 'Kamera internetowa');
INSERT INTO zakupy (klient_id, produkt) VALUES (97, 'Drukarka');
INSERT INTO zakupy (klient_id, produkt) VALUES (97, 'Telefon');
INSERT INTO klienci (klient_id, dane_osobowe, adres_id) VALUES (98, 'Monika Nowak', 27);
INSERT INTO zakupy (klient_id, produkt) VALUES (98, 'Słuchawki');
INSERT INTO zakupy (klient_id, produkt) VALUES (98, 'Klawiatura');
INSERT INTO adresy (adres_id, ulica, numer, kod, miasto) VALUES (83, 'ul.', 'Różana', 'Łódź', '');
INSERT INTO klienci (klient_id, dane_osobowe, adres_id) VALUES (99, 'Adam Wiśniewski', 83);
INSERT INTO zakupy (klient_id, produkt) VALUES (99, 'Router');
INSERT INTO zakupy (klient_id, produkt) VALUES (99, 'Laptop');
INSERT INTO zakupy (klient_id, produkt) VALUES (99, 'Mysz');
INSERT INTO zakupy (klient_id, produkt) VALUES (99, 'Słuchawki');
INSERT INTO adresy (adres_id, ulica, numer, kod, miasto) VALUES (84, 'ul.', 'Parkowa', 'Tychy', '');
INSERT INTO klienci (klient_id, dane_osobowe, adres_id) VALUES (100, 'Agnieszka Wójcik', 84);
INSERT INTO zakupy (klient_id, produkt) VALUES (100, 'Laptop');
INSERT INTO zakupy (klient_id, produkt) VALUES (100, 'Router');
INSERT INTO adresy (adres_id, ulica, numer, kod, miasto) VALUES (85, 'ul.', 'Różana', '00-001', '');
INSERT INTO klienci (klient_id, dane_osobowe, adres_id) VALUES (101, 'Ewa Lis', 85);
INSERT INTO zakupy (klient_id, produkt) VALUES (101, 'Drukarka');
INSERT INTO zakupy (klient_id, produkt) VALUES (101, 'Monitor');
INSERT INTO zakupy (klient_id, produkt) VALUES (101, 'Router');
INSERT INTO zakupy (klient_id, produkt) VALUES (101, 'Słuchawki');
INSERT INTO adresy (adres_id, ulica, numer, kod, miasto) VALUES (86, 'ul. Mickiewicza', '39', '35-100', '');
INSERT INTO klienci (klient_id, dane_osobowe, adres_id) VALUES (102, 'Anna Malinowski', 86);
INSERT INTO zakupy (klient_id, produkt) VALUES (102, 'Router');
INSERT INTO adresy (adres_id, ulica, numer, kod, miasto) VALUES (87, 'ul. Długa', '25', 'Kraków', '');
INSERT INTO klienci (klient_id, dane_osobowe, adres_id) VALUES (103, 'Agnieszka Wiśniewski', 87);
INSERT INTO zakupy (klient_id, produkt) VALUES (103, 'Klawiatura');
INSERT INTO zakupy (klient_id, produkt) VALUES (103, 'Router');
INSERT INTO zakupy (klient_id, produkt) VALUES (103, 'Laptop');
INSERT INTO zakupy (klient_id, produkt) VALUES (103, 'Słuchawki');
INSERT INTO adresy (adres_id, ulica, numer, kod, miasto) VALUES (88, 'ul. Spacerowa', '43', '30-400', '');
INSERT INTO klienci (klient_id, dane_osobowe, adres_id) VALUES (104, 'Dorota Wieczorek', 88);
INSERT INTO zakupy (klient_id, produkt) VALUES (104, 'Mysz');
INSERT INTO zakupy (klient_id, produkt) VALUES (104, 'Słuchawki');
INSERT INTO zakupy (klient_id, produkt) VALUES (104, 'Laptop');
INSERT INTO adresy (adres_id, ulica, numer, kod, miasto) VALUES (89, 'ul. Spacerowa', '14', '60-100', '');
INSERT INTO klienci (klient_id, dane_osobowe, adres_id) VALUES (105, 'Natalia Wójcik', 89);
INSERT INTO zakupy (klient_id, produkt) VALUES (105, 'Telefon');
INSERT INTO zakupy (klient_id, produkt) VALUES (105, 'Monitor');
INSERT INTO zakupy (klient_id, produkt) VALUES (105, 'Tablet');
INSERT INTO zakupy (klient_id, produkt) VALUES (105, 'Laptop');
INSERT INTO adresy (adres_id, ulica, numer, kod, miasto) VALUES (90, 'ul.', 'Polna', '35-100', 'Poznań');
INSERT INTO klienci (klient_id, dane_osobowe, adres_id) VALUES (106, 'Ewa Szymański', 90);
INSERT INTO zakupy (klient_id, produkt) VALUES (106, 'Router');
INSERT INTO zakupy (klient_id, produkt) VALUES (106, 'Drukarka');
INSERT INTO zakupy (klient_id, produkt) VALUES (106, 'Tablet');
INSERT INTO zakupy (klient_id, produkt) VALUES (106, 'Telefon');
INSERT INTO klienci (klient_id, dane_osobowe, adres_id) VALUES (107, 'Dorota Wieczorek', 82);
INSERT INTO zakupy (klient_id, produkt) VALUES (107, 'Słuchawki');
INSERT INTO zakupy (klient_id, produkt) VALUES (107, 'Kamera internetowa');
INSERT INTO klienci (klient_id, dane_osobowe, adres_id) VALUES (108, 'Anna Kubiak', 41);
INSERT INTO zakupy (klient_id, produkt) VALUES (108, 'Klawiatura');
INSERT INTO zakupy (klient_id, produkt) VALUES (108, 'Kamera internetowa');
INSERT INTO zakupy (klient_id, produkt) VALUES (108, 'Telefon');
INSERT INTO zakupy (klient_id, produkt) VALUES (108, 'Słuchawki');
INSERT INTO adresy (adres_id, ulica, numer, kod, miasto) VALUES (91, 'ul. Szkolna', '22', 'Kraków', '');
INSERT INTO klienci (klient_id, dane_osobowe, adres_id) VALUES (109, 'Tomasz Wójcik', 91);
INSERT INTO zakupy (klient_id, produkt) VALUES (109, 'Telefon');
INSERT INTO zakupy (klient_id, produkt) VALUES (109, 'Router');
INSERT INTO zakupy (klient_id, produkt) VALUES (109, 'Słuchawki');
INSERT INTO zakupy (klient_id, produkt) VALUES (109, 'Tablet');
INSERT INTO adresy (adres_id, ulica, numer, kod, miasto) VALUES (92, 'ul.', 'Mickiewicza', '', '');
INSERT INTO klienci (klient_id, dane_osobowe, adres_id) VALUES (110, 'Agnieszka Kowalski', 92);
INSERT INTO zakupy (klient_id, produkt) VALUES (110, 'Klawiatura');
INSERT INTO zakupy (klient_id, produkt) VALUES (110, 'Laptop');
INSERT INTO zakupy (klient_id, produkt) VALUES (110, 'Monitor');
INSERT INTO zakupy (klient_id, produkt) VALUES (110, 'Router');
INSERT INTO adresy (adres_id, ulica, numer, kod, miasto) VALUES (93, 'ul.', 'Różana', '00-001', 'Katowice');
INSERT INTO klienci (klient_id, dane_osobowe, adres_id) VALUES (111, 'Karolina Walczak', 93);
INSERT INTO zakupy (klient_id, produkt) VALUES (111, 'Monitor');
INSERT INTO adresy (adres_id, ulica, numer, kod, miasto) VALUES (94, 'ul.', 'Długa', 'Lublin', '');
INSERT INTO klienci (klient_id, dane_osobowe, adres_id) VALUES (112, 'Monika Czerwińska', 94);
INSERT INTO zakupy (klient_id, produkt) VALUES (112, 'Tablet');
INSERT INTO zakupy (klient_id, produkt) VALUES (112, 'Mysz');
INSERT INTO adresy (adres_id, ulica, numer, kod, miasto) VALUES (95, 'ul.', 'Szkolna', 'Poznań', '');
INSERT INTO klienci (klient_id, dane_osobowe, adres_id) VALUES (113, 'Monika Zając', 95);
INSERT INTO zakupy (klient_id, produkt) VALUES (113, 'Klawiatura');
INSERT INTO klienci (klient_id, dane_osobowe, adres_id) VALUES (114, 'Andrzej Grabowska', 56);
INSERT INTO zakupy (klient_id, produkt) VALUES (114, 'Drukarka');
INSERT INTO zakupy (klient_id, produkt) VALUES (114, 'Tablet');
INSERT INTO zakupy (klient_id, produkt) VALUES (114, 'Słuchawki');
INSERT INTO zakupy (klient_id, produkt) VALUES (114, 'Klawiatura');
INSERT INTO klienci (klient_id, dane_osobowe, adres_id) VALUES (115, 'Karolina Kowalski', 29);
INSERT INTO zakupy (klient_id, produkt) VALUES (115, 'Słuchawki');
INSERT INTO zakupy (klient_id, produkt) VALUES (115, 'Monitor');
INSERT INTO klienci (klient_id, dane_osobowe, adres_id) VALUES (116, 'Andrzej Wieczorek', 29);
INSERT INTO zakupy (klient_id, produkt) VALUES (116, 'Klawiatura');
INSERT INTO zakupy (klient_id, produkt) VALUES (116, 'Tablet');
INSERT INTO zakupy (klient_id, produkt) VALUES (116, 'Telefon');
INSERT INTO zakupy (klient_id, produkt) VALUES (116, 'Monitor');
INSERT INTO klienci (klient_id, dane_osobowe, adres_id) VALUES (117, 'Katarzyna Zając', 2);
INSERT INTO zakupy (klient_id, produkt) VALUES (117, 'Drukarka');
INSERT INTO klienci (klient_id, dane_osobowe, adres_id) VALUES (118, 'Dorota Baran', 56);
INSERT INTO zakupy (klient_id, produkt) VALUES (118, 'Mysz');
INSERT INTO zakupy (klient_id, produkt) VALUES (118, 'Kamera internetowa');
INSERT INTO adresy (adres_id, ulica, numer, kod, miasto) VALUES (96, 'ul.', 'Lipowa', '20-001', 'Katowice');
INSERT INTO klienci (klient_id, dane_osobowe, adres_id) VALUES (119, 'Zofia Kowalski', 96);
INSERT INTO zakupy (klient_id, produkt) VALUES (119, 'Laptop');
INSERT INTO zakupy (klient_id, produkt) VALUES (119, 'Słuchawki');
INSERT INTO adresy (adres_id, ulica, numer, kod, miasto) VALUES (97, 'ul.', 'Różana', '20-001', '');
INSERT INTO klienci (klient_id, dane_osobowe, adres_id) VALUES (120, 'Adam Pawlak', 97);
INSERT INTO zakupy (klient_id, produkt) VALUES (120, 'Mysz');
INSERT INTO zakupy (klient_id, produkt) VALUES (120, 'Słuchawki');
INSERT INTO zakupy (klient_id, produkt) VALUES (120, 'Tablet');
INSERT INTO adresy (adres_id, ulica, numer, kod, miasto) VALUES (98, 'ul.', 'Szkolna', 'Warszawa', '');
INSERT INTO klienci (klient_id, dane_osobowe, adres_id) VALUES (121, 'Paweł Krawczyk', 98);
INSERT INTO zakupy (klient_id, produkt) VALUES (121, 'Monitor');
INSERT INTO adresy (adres_id, ulica, numer, kod, miasto) VALUES (99, 'ul.', 'Szkolna', '80-001', '');
INSERT INTO klienci (klient_id, dane_osobowe, adres_id) VALUES (122, 'Paweł Kamińska', 99);
INSERT INTO zakupy (klient_id, produkt) VALUES (122, 'Telefon');
INSERT INTO zakupy (klient_id, produkt) VALUES (122, 'Mysz');
INSERT INTO klienci (klient_id, dane_osobowe, adres_id) VALUES (123, 'Ewa Pawlak', 8);
INSERT INTO zakupy (klient_id, produkt) VALUES (123, 'Mysz');
INSERT INTO zakupy (klient_id, produkt) VALUES (123, 'Monitor');
INSERT INTO zakupy (klient_id, produkt) VALUES (123, 'Drukarka');
